pr_name,pr_base_branch,build_id,build_timestamp,trunk_sha_timestamp_sec,build_head_sha,trunk_sha,trunk_sha_source
PR-7830,trunk,1,1753456758,,7b1b8a66505a9b7084404a29b6fbef329cbd633e,d916f2696a50fb6e224b7423dbfd5666aa661989,build_log
PR-7830,trunk,2,1753727898,,5d66063f1254acc4a7d6007d6a1a30e1325c06be,3d905f9cd07d118f5ea0c8485170f5ebefb84089,build_log
PR-7830,trunk,3,1753893162,,e8277f2be25df61e7a955f2805762ad73a74b131,b5cfc7c90d17faca1af0350afe7b01abe39b2e88,build_log
PR-6845,trunk,6,1757943354,,08cc91b7c68b7e229941c5f4dc5cbf5db9f4c366,615f4fe94cf5ae6681d8d395692694b4bb44a9c0,build_log
PR-7758,trunk,5,1757943494,,5c56c3f3cee9295477ce7a655342f7c2756d0696,615f4fe94cf5ae6681d8d395692694b4bb44a9c0,build_log
PR-7700,trunk,11,1758286807,,10386375b86ce0bbd4f6d45f98f8229ac996e2bd,bcf8c35c57e36974dfb73a0b67b8340e5395814a,build_log
PR-7700,trunk,12,1758286857,,a20587d36f9340bf18cd35097af7ad50fb83f856,bcf8c35c57e36974dfb73a0b67b8340e5395814a,build_log
PR-8000,trunk,1,1758901882,,04cdd07462dbabc144f94284f603689182d376f8,29fca148b16e888cb465e535cf34bdfaff820f5f,build_log
PR-8063,trunk,3,1762506435,,29c99cbd12361e332054dad786084bbb50e2fc24,3695db258187a460400532928cbaa8eeb2d657ca,build_log
PR-8066,trunk,1,1762517912,,b2e0d30c8c93d37b9cc07c5cb0d0ef750aec6066,3695db258187a460400532928cbaa8eeb2d657ca,build_log
PR-8066,trunk,2,1762526215,,8d8f3782ac7d1ab5d48dce317a966a593bfe7218,3695db258187a460400532928cbaa8eeb2d657ca,build_log
PR-8063,trunk,4,1762570702,,5af2d3b6851a505a4a30e9b22c46e47ab7ae1684,3695db258187a460400532928cbaa8eeb2d657ca,build_log
PR-7700,trunk,13,1763057400,,4a8057872a2bb7f7f017a84806a26dc32d8637e3,e57306eb2af466bd17d31217a097942be7636554,build_log
PR-8085,trunk,1,1763355916,,7e923c56f2aa790aadc4fffd6242736d84acbae4,e57306eb2af466bd17d31217a097942be7636554,build_log
PR-8102,trunk,1,1764135838,,b5428d0f5e3597d49555072bd51dc0ea7fe20984,9c44fa23f42de29f7188a0da8a977669f0b6bfb7,build_log
PR-8106,trunk,1,1764232603,,5d6fa72bd0c117c57e3debf817d8acb923d3b687,9c44fa23f42de29f7188a0da8a977669f0b6bfb7,build_log
PR-8104,trunk,8,1764593536,,6fd00317cddd3115937fc6535b99fbecdac63da6,1995d34a54be4e8cc928b58cd0d57d3698462ebd,build_log
PR-8104,trunk,9,1764615413,,c9a30e5d72af454cc37a269ace7a50c02f6ffcf3,1995d34a54be4e8cc928b58cd0d57d3698462ebd,build_log
PR-8104,trunk,10,1764696821,,5332debf31f4bb4b2b817e2e327de4d429989603,a01e5fd96a926a5c6eb88b003d50951010588eeb,build_log
PR-8058,trunk,4,1764847204,,04264e5c2dcc86987ec43c553fef2ea648709ff5,8e4d83f4cbc877e7d9dbf5862046d08376b30bc1,build_log
PR-8104,trunk,11,1764969612,,555bdc39b5da77b76a501867d6ed2e3a3a3925dc,675b7ef35c8e6e1159e06e2b9b4d035e8004408c,build_log
PR-7700,trunk,14,1765205839,,b7fc4d2750a39d4164b5cedbaf5cd93c73684fa5,7b8b3e4e2324f42b37d981ca060bec79b1e9fe3c,build_log
PR-8128,trunk,1,1765365034,,7f1de5381346933f6282623768dacb6159a9bcd8,bf7ed4c80a99a6dd0285101f68c03ffd60956b9e,build_log
PR-8127,trunk,4,1765434652,,68046eeb3a4fd9e672231d0d872d2fe89f01f9ff,bf7ed4c80a99a6dd0285101f68c03ffd60956b9e,build_log
PR-8133,trunk,1,1765748109,,af0e230ee6227b9fe7b01cf5f749dc415736f105,bf7ed4c80a99a6dd0285101f68c03ffd60956b9e,build_log
PR-8136,trunk,1,1765816558,,75e1b2bf2b1efe06fccf8fc13847ba654ad29199,f0e7d7490ee20007deb9f88e03cb94af02dd0119,build_log
PR-8136,trunk,2,1765819200,,f2a7bdc5cd520c8ae36c999ec78f9ede3268c4d0,f0e7d7490ee20007deb9f88e03cb94af02dd0119,build_log
PR-6845,trunk,7,1765830582,,996f25e4aeaf6bfbab1f17040de2bcd2f934cfec,f0e7d7490ee20007deb9f88e03cb94af02dd0119,build_log
PR-8000,trunk,2,1765830607,,b4dc6bd31c59b57075e4d00c7eb5124f3a4b91a2,f0e7d7490ee20007deb9f88e03cb94af02dd0119,build_log
PR-7758,trunk,6,1765830617,,e4bb856e52eabc74371b7d0e4d2195520c90b70a,f0e7d7490ee20007deb9f88e03cb94af02dd0119,build_log
PR-8144,trunk,1,1766458939,,ee7eea1a7563131aeb287342049d75def5b1f294,e7cab8ae51385ce8025b282d8055b14d8aa9660b,build_log
PR-6845,trunk,8,1766939631,,c6e5da374dfdb272cb3cb93bad5d56784a2cec88,97d2f3275b0da8b7ca7cb2e1f384dff1aaaa52e8,build_log
PR-8000,trunk,3,1766939651,,3e29195826f167925803e6cf07e38461b4d8560e,97d2f3275b0da8b7ca7cb2e1f384dff1aaaa52e8,build_log
PR-7758,trunk,7,1766939691,,4e3dc8015152486b9aba01588cc0e44d104d7ac0,97d2f3275b0da8b7ca7cb2e1f384dff1aaaa52e8,build_log
PR-7700,trunk,15,1767118966,,22904122fea1415fb9f6cbe9d5291473fc5be510,ee73a9b7db7db9d213354c5ffc33c3d8027c10c6,build_log
PR-8154,trunk,2,1767197219,,b39636b6dc0d47cf35b7d61390ad872954db59b0,ee73a9b7db7db9d213354c5ffc33c3d8027c10c6,build_log
PR-8058,trunk,5,1767200027,,a888d4dcfd79c9a2ded303100fbed60bdaf7e162,ee73a9b7db7db9d213354c5ffc33c3d8027c10c6,build_log
PR-8104,trunk,12,1767367514,,0ca4df935167b8abc2251c621c5d46386fec2916,c5285668110f6a0e46d218cd69b17f4f4019a977,build_log
PR-8154,trunk,3,1767427805,,7cd4d36debfdb10dee7aa9937637da65431efffa,c5285668110f6a0e46d218cd69b17f4f4019a977,build_log
PR-8128,trunk,2,1767447470,,ecf33d3f46b4be05bb924b34186cc36f5fbbbfc5,baca63cb2432cbf698805816ba1cec037fad6559,build_log
PR-8058,trunk,6,1767897717,,13c797af47a003d8aa97b790193a9009fd578ebb,4190e98bc6ea4fd0f4a829f12a94d306445b5b3a,build_log
PR-8058,trunk,7,1768320190,,6cd798f7fd922703c9d6cce4566822adb43494af,42f0e79bff0ceb950be174fb6d3b00a113246dcb,build_log
PR-8085,trunk,2,1768421923,,bad85f9e52c41dca27fa46fd397272ea86b4ec87,1e990c35481fb287ed06b66fb0c525718dfcd3c2,build_log
PR-8177,trunk,4,1768422956,,f730460cf6b285596698b460fdc2f530b3b2ee07,1e990c35481fb287ed06b66fb0c525718dfcd3c2,build_log
PR-8154,trunk,4,1768462529,,51d8204bfb5605a6c3e60afde623d5ba2a6ac588,1e990c35481fb287ed06b66fb0c525718dfcd3c2,build_log
PR-8183,branch-3.3.3,3,1768529209,,b3f6307bcc426cea867b602bf6b05efb5c783310,15621e34155ff41b3bfaefec066cde2b37eaff64,build_log
PR-8183,branch-3.3.3,4,1768530894,,3f297d7077f5c9cc507a17382f71fc0071620033,15621e34155ff41b3bfaefec066cde2b37eaff64,build_log
PR-8185,trunk,1,1768670252,,af6efe469b2ae9d9e0a59f2170c9e8162bb9b1f2,8c65e08b02edc5dbc56f462f7740ccd13303cfde,build_log
PR-8186,trunk,1,1768688830,,b50943ef067c1930378487b6492f25b34f38d974,8c65e08b02edc5dbc56f462f7740ccd13303cfde,build_log
PR-8189,trunk,1,1768761360,,8c313ae1f9a0c1610a8a23a008ab7608c5856d7f,8c65e08b02edc5dbc56f462f7740ccd13303cfde,build_log
PR-8190,trunk,1,1768762158,,20f5e88df0c1420e6e65addaadfd8a535305a675,8c65e08b02edc5dbc56f462f7740ccd13303cfde,build_log
PR-8185,trunk,2,1768768981,,cf6ce3d1fdb1931dbc1019bafde62681d0775985,8c65e08b02edc5dbc56f462f7740ccd13303cfde,build_log
PR-8185,trunk,3,1768769543,,ed88a7555e7c392a7f6ddc10b53038994e1d00c6,8c65e08b02edc5dbc56f462f7740ccd13303cfde,build_log
PR-8185,trunk,4,1768778268,,489e99b7bbb22e1e6a609a9c14331a5d93e4446b,8c65e08b02edc5dbc56f462f7740ccd13303cfde,build_log
PR-8185,trunk,5,1768785046,,26185112a70aa192a2f6dee0be359e3514cf6172,8c65e08b02edc5dbc56f462f7740ccd13303cfde,build_log
PR-8197,trunk,1,1768960739,,180e349420fdd6c77478876a49440748d36a33cc,7f2f7149788005f1dd975ed427d5626abc5145e3,build_log
PR-8128,trunk,3,1769024000,,2c4fd0ae053dd6108a04bf31ee24d149f75d7103,7f2f7149788005f1dd975ed427d5626abc5145e3,build_log
PR-8201,trunk,1,1769124180,,7c03c6dae8c2d0f6bf284144846add0d23313377,b3ce394e5aba3cdaf326b87e7cfb6be898ddd48d,build_log
PR-8202,trunk,1,1769124794,,52103011582b6c063af54dd880c45e02af29ff3c,b3ce394e5aba3cdaf326b87e7cfb6be898ddd48d,build_log
PR-8203,trunk,1,1769126599,,405db4e6657c234a96852423d7a38ad4203d3862,b3ce394e5aba3cdaf326b87e7cfb6be898ddd48d,build_log
PR-8208,trunk,1,1769445424,,3ee41a642db503118cabe137e98d4189cbcf07ff,8542fb8c915955ade23d6f2a58d4690d224c34a5,build_log
PR-8211,trunk,1,1769481782,,6dc1d39f6a78c0d36259c3e61457e08a313fc35e,8542fb8c915955ade23d6f2a58d4690d224c34a5,build_log
PR-8212,trunk,1,1769509146,,e13fd56feb3330aee431306bea1159e5ebfc974e,8542fb8c915955ade23d6f2a58d4690d224c34a5,build_log
PR-8213,trunk,1,1769527715,,d8a0610ad276dcfe55c1e592e03a22760622670f,c6e716bf5bc8958a1f5fc63d1b2844a2f8f118be,build_log
PR-8189,trunk,2,1769557544,,8c313ae1f9a0c1610a8a23a008ab7608c5856d7f,8c65e08b02edc5dbc56f462f7740ccd13303cfde,build_log
PR-8195,trunk,7,1769599297,,02834ef4277c96d3a76d34c3c895cb86890bfc09,c6e716bf5bc8958a1f5fc63d1b2844a2f8f118be,build_log
PR-8217,trunk,1,1769734208,,50bdae7869074047962ab5026142f70d53a806dc,1b6f1b4fe3e9f3bb5441be22fd266c1031f6fd94,build_log
PR-8220,trunk,1,1769764591,,8dd731fb91c015920fdebbfd9e2bc24990ebb2e5,90150aff3f84183cebaf21e977834b8a77e8ede7,build_log
PR-8195,trunk,8,1770023478,,64e5da6ab3f3711a47d4770dde0932623f1293af,f79bca8369de55c57c672b833709a3e15fafdd40,build_log
PR-8220,trunk,2,1770174730,,a9bf648a2d758fb5674894b1c4274d1fb377d3d6,8222ac0f546911b387b6a141e06dd8bf5306d565,build_log
PR-8159,trunk,3,1770384257,,21f8e875227e5e636a53332df9c4f23010759eef,8222ac0f546911b387b6a141e06dd8bf5306d565,build_log
PR-8159,trunk,4,1770385305,,164ec1491e564e5ec5a8c487f3ed29c46256b303,8222ac0f546911b387b6a141e06dd8bf5306d565,build_log
PR-8159,trunk,5,1770419880,,1998f074dff979eed5ee328d992eec0d416c3b2f,daec9479cab82f78504a7895ed5c1c7e643884f8,build_log
PR-8063,trunk,7,1770449478,,8e37b9453227d9fdd1518a2caa65be58dafc88df,daec9479cab82f78504a7895ed5c1c7e643884f8,build_log
PR-8240,trunk,1,1770618693,,31990a01b761accfb2112bc26988744b7cb49813,fd18f0647dc1cae191925ac0f593b5962effc583,build_log
PR-8183,branch-3.3.3,6,1770889387,,edd8718fe47c2ba21010122ce5ca3ccacc1883d0,15621e34155ff41b3bfaefec066cde2b37eaff64,build_log
PR-8127,trunk,5,1770967351,,ca17d20951ebca04058fe0fda573dcb69ddb09e6,e071613c5dc91aef949c06bdcbf7b41acafe35d6,build_log
PR-8251,trunk,1,1770981271,,8510e83378f732cd536aec7e3e7b6c4626ae02f2,56192be95af06c0a04ae6503858199d240f823e0,build_log
PR-8251,trunk,2,1770981441,,f490d9325fca328a2f2bfbd91f6b7f8043a13d49,56192be95af06c0a04ae6503858199d240f823e0,build_log
PR-8159,trunk,7,1770981863,,3092219c523446efe7883aadcd88a5a565828257,56192be95af06c0a04ae6503858199d240f823e0,build_log
PR-8190,trunk,3,1771211809,,9aeba138c5481cb7c7c76603750c08b10fdf44c8,56192be95af06c0a04ae6503858199d240f823e0,build_log
PR-8251,trunk,3,1771477980,,8ab550f5d859d5c9f9490ddc55737de9182e1f28,0cc52d228e9daaf8c5ea050b61454e3a51a7e9d8,build_log
PR-8195,trunk,9,1771582533,,eb52c2942246fae588650a52969154988c067fdc,170115ae4251fd537ffd95047923d47e54dd4552,build_log
PR-8251,trunk,4,1771583992,,f67de7c2c7484e16549b0599623fa988d60aff1f,170115ae4251fd537ffd95047923d47e54dd4552,build_log
PR-8058,trunk,8,1771589453,,67d42e1f9bc5449e3738109f674ce11b487bcdb2,170115ae4251fd537ffd95047923d47e54dd4552,build_log
PR-8259,trunk,3,1771922045,,3181dfcc29d450963edf74925fca4d63f94c0825,3db56ba8c474e7cc0e4ee3f2321daf2ab54291cf,build_log
PR-8214,trunk,6,1771922968,,67a35a8a73a139abb14f35a58c52029d01983322,3db56ba8c474e7cc0e4ee3f2321daf2ab54291cf,build_log
PR-8214,trunk,7,1772007975,,53e42b4350bc9ade08ba3502493014407def94d2,9a07f07a938da96f84ec53d1f97e39cbadda8bc7,build_log
PR-8279,trunk,1,1772126732,,44899f66ac22b97db548a19b63e604c584ccd0a4,db80c3a93760f6dbcd1421808c717cefcd93d63d,build_log
PR-8214,trunk,8,1772128463,,675da5e98c373bc6839bd5713fd5a6d365f383a2,db80c3a93760f6dbcd1421808c717cefcd93d63d,build_log
PR-8281,trunk,1,1772159602,,f79b5f0ed59defef8e0cf401374693895068eac9,a07e822ab57cd9b42b7c7629db94571f8eb30d15,build_log
PR-8259,trunk,4,1772176760,,a046ee5fd6efc65c1668b9897186ca0af327e449,a07e822ab57cd9b42b7c7629db94571f8eb30d15,build_log
PR-8286,trunk,1,1772326810,,56395df833e9b2b46b0dee53cc817422bddccc8e,b25baff97692fb8a252adeede3ec1def0d4e145f,build_log
PR-8214,trunk,9,1772386818,,3537761a34b6910976b56a52d877c5a55dde51c1,b25baff97692fb8a252adeede3ec1def0d4e145f,build_log
PR-8259,trunk,5,1772413744,,bc287756008c23d25bc1df87b7d0da11f1a9b608,b25baff97692fb8a252adeede3ec1def0d4e145f,build_log
PR-8259,trunk,6,1772414216,,928337a1e0d1eb729336980f85c7172fd8cb2882,b25baff97692fb8a252adeede3ec1def0d4e145f,build_log
PR-8290,trunk,1,1772436816,,01371d101ef358b9c4d9cbebf311e43457c8a641,3403d4b6eeba49bf3bdb91541b2fac1a9bf400ac,build_log
PR-8279,trunk,2,1772437330,,08eae9aff5a91eccf2acd8fa067abece99439b01,3403d4b6eeba49bf3bdb91541b2fac1a9bf400ac,build_log
PR-8281,trunk,2,1772437338,,3e33cc678ef6eef70c9cd9d93b1d0342872b4eb2,3403d4b6eeba49bf3bdb91541b2fac1a9bf400ac,build_log
PR-8123,trunk,12,1772468738,,cf2253b0d1335382c01c32ca1cd0e2a307c8afe7,3556d4bb2bc8d229fb791ac88c5fface211a302f,build_log
PR-8295,trunk,1,1772537434,,f8ccfc2d0b296245ea3fa6223f17fe678d494577,f49c49aa083b9324ae432902f94a7aaf98f543ea,build_log
PR-7754,trunk,11,1772559229,,8db70bc0cba293b3cc9dd5573f1203e381aea322,f49c49aa083b9324ae432902f94a7aaf98f543ea,build_log
PR-6845,trunk,10,1772559269,,a2926d228636bd2dac104c23ace543ed2d74b01d,f49c49aa083b9324ae432902f94a7aaf98f543ea,build_log
PR-8297,trunk,1,1772571339,,ecd82e068f420d9aadccee6815c75015f0ae5517,f49c49aa083b9324ae432902f94a7aaf98f543ea,build_log
PR-8303,trunk,1,1772926527,,72bf011fcc339f5e36932081ff6a6803c3e11707,df15c5b3c5fcbf36f10649ede12f8acef026f2db,build_log
PR-8305,trunk,1,1772927053,,96c37523e6bced77e1f6cae995cdb2e94f641e06,df15c5b3c5fcbf36f10649ede12f8acef026f2db,build_log
PR-8308,trunk,1,1772928146,,01fac43dd147b70e0ac8442aaeea5917d7123073,df15c5b3c5fcbf36f10649ede12f8acef026f2db,build_log
PR-8311,trunk,2,1772946460,,079bfff62bb8b05f10968bc120bb638f08cf4b38,df15c5b3c5fcbf36f10649ede12f8acef026f2db,build_log
PR-8307,trunk,2,1772946876,,3ebbf916f6787905ac105505fffb9da9313adc4c,df15c5b3c5fcbf36f10649ede12f8acef026f2db,build_log
PR-8306,trunk,2,1772946946,,1a166782fb477b9c973c2e09f08a7c2e511b049d,df15c5b3c5fcbf36f10649ede12f8acef026f2db,build_log
PR-8305,trunk,2,1772946986,,3b4afe2244deb7666acf7782676b0915adef25c7,df15c5b3c5fcbf36f10649ede12f8acef026f2db,build_log
PR-8303,trunk,2,1772947031,,e98c38ccd075da09e08869b60b4e6a956ca92d65,df15c5b3c5fcbf36f10649ede12f8acef026f2db,build_log
PR-8306,trunk,3,1772953214,,82cfe065f9cb1f07f72874b223b71ae00eb42f31,df15c5b3c5fcbf36f10649ede12f8acef026f2db,build_log
PR-8312,trunk,1,1772959117,,6f2453f4a826a994aa371cd14ec6eb69df690c8a,df15c5b3c5fcbf36f10649ede12f8acef026f2db,build_log
PR-8313,trunk,1,1772959132,,4eea6b215771fb9eb8af6c8ecd21b80c01e4079e,df15c5b3c5fcbf36f10649ede12f8acef026f2db,build_log
PR-8314,trunk,1,1772959338,,417b8bf5967029290999b57fada5f8105b025373,df15c5b3c5fcbf36f10649ede12f8acef026f2db,build_log
PR-8315,trunk,1,1772959534,,cc1ef3e695cf6f7059f86a9db47430abc905c0fe,df15c5b3c5fcbf36f10649ede12f8acef026f2db,build_log
PR-8309,trunk,4,1773128724,,e0a27fdb786f4577630f6e6326cc9662026e98a2,2c00f455de1563db99316ab9045aa58f792f9de0,build_log
PR-8320,trunk,1,1773128724,,a1cfee72a5d913aa68f7ae3540568fc0361b8732,2c00f455de1563db99316ab9045aa58f792f9de0,build_log
PR-8295,trunk,2,1773128724,,5b9b0ff562dacdf94cf0ddbaae9a7a10b27ad434,2c00f455de1563db99316ab9045aa58f792f9de0,build_log
PR-8279,trunk,3,1773128724,,6d60f514cd19de643318b0af4a8e591a8846e657,2c00f455de1563db99316ab9045aa58f792f9de0,build_log
PR-8327,trunk,1,1773128724,,723438ef83b94afd61c5b389e748aee5b510f669,2c00f455de1563db99316ab9045aa58f792f9de0,build_log
PR-8321,trunk,1,1773128724,,fc7ed15a7297806ec1af4672053d383f3fbb7b79,2c00f455de1563db99316ab9045aa58f792f9de0,build_log
PR-8323,trunk,1,1773128724,,156bbb4eb346fe9f836f6293f01fc0d6c6e2fdb9,2c00f455de1563db99316ab9045aa58f792f9de0,build_log
PR-8331,trunk,1,1773128724,,8f3cfd1429ab21931db3d6e8b59f44208c29e99c,2c00f455de1563db99316ab9045aa58f792f9de0,build_log
PR-8324,trunk,1,1773128724,,67356efe87000f439dd001e30a89e644e2037723,2c00f455de1563db99316ab9045aa58f792f9de0,build_log
PR-8325,trunk,1,1773128724,,74c59a27378a3e79f4d9ba9c402f5755225e2830,2c00f455de1563db99316ab9045aa58f792f9de0,build_log
PR-8333,trunk,1,1773128724,,d19edfa36931ee1599a232579655c006912c3580,2c00f455de1563db99316ab9045aa58f792f9de0,build_log
PR-8310,trunk,3,1773128724,,c81183ddf98c027ccd20acf4d59aa9bf8ae70893,2c00f455de1563db99316ab9045aa58f792f9de0,build_log
PR-8308,trunk,2,1773128724,,a9d2d9ee2da1cd600e40c583054f8ad4a13f3037,2c00f455de1563db99316ab9045aa58f792f9de0,build_log
PR-8326,trunk,1,1773128724,,6ddc72c760634482f9586e94e51896fc21bdf889,2c00f455de1563db99316ab9045aa58f792f9de0,build_log
PR-8334,trunk,1,1773128724,,b40483de52d67c25cde4136bc913b20c21ea0506,2c00f455de1563db99316ab9045aa58f792f9de0,build_log
PR-8322,trunk,1,1773128724,,643ac96b5d5bf634ff4f320f9b6b2040ea25e6d8,2c00f455de1563db99316ab9045aa58f792f9de0,build_log
PR-8329,trunk,1,1773128724,,c4befbf94541d7c89cd5fa736ea84085faa4b82a,2c00f455de1563db99316ab9045aa58f792f9de0,build_log
PR-8305,trunk,3,1773128724,,82202ffea1b07306597d3c7b3311e4ec006d156e,2c00f455de1563db99316ab9045aa58f792f9de0,build_log
PR-8307,trunk,3,1773128724,,f817f26163ad118490b9463db7502313f15fe68f,d6c7fd66295ed7f476713c297c944c07594e4885,build_log
PR-8335,trunk,1,1773128724,,cfaf570f35bd7c6a790179be1b5cd18f41a18f79,4b2701c7495598fc19b263aefdedbe3809016f82,build_log
PR-8291,trunk,6,1773128724,,b47b0ea72b129e4c9e94eee1b29c1e2bcf86adb5,2c00f455de1563db99316ab9045aa58f792f9de0,build_log
PR-8328,trunk,1,1773128724,,a14d8f556bf580bfe84ba65edb06063b6782dc44,2c00f455de1563db99316ab9045aa58f792f9de0,build_log
PR-8316,trunk,1,1773128724,,3f9cbfcec45928b6cbb98f38de8e404dffc8f78c,2c00f455de1563db99316ab9045aa58f792f9de0,build_log
PR-8317,trunk,1,1773128724,,47d051e87e6789e75073f975f376873652bb1320,2c00f455de1563db99316ab9045aa58f792f9de0,build_log
PR-8183,branch-3.3.3,7,1773128725,,967e38738b3f91d0a614d067dff1859c1a7bcd27,15621e34155ff41b3bfaefec066cde2b37eaff64,build_log
PR-8306,trunk,4,1773128725,,821688afec92ef498752a37759b8f97c48c25943,4b2701c7495598fc19b263aefdedbe3809016f82,build_log
PR-8123,trunk,18,1773159857,,a455836fce199499e0e6f9a86b25d2c1eb7e477f,544ff9930b4442b8c6c3053acac74178fb3ae0bd,build_log
PR-7754,trunk,12,1773163749,,9ef6477e42546a9c73e21f488165550bfd6feeb6,544ff9930b4442b8c6c3053acac74178fb3ae0bd,build_log
PR-8310,trunk,4,1773181302,,3d0177c6bea45b93ec2b8ebb3f593291cc8ee677,544ff9930b4442b8c6c3053acac74178fb3ae0bd,build_log
PR-8303,trunk,4,1773199576,,4a6e322b79f197917caa6fe36094461f9786b91e,544ff9930b4442b8c6c3053acac74178fb3ae0bd,build_log
PR-8286,trunk,2,1773231580,,56395df833e9b2b46b0dee53cc817422bddccc8e,ee4cad080b00ea5394e4050ddd1493f23b8b888c,build_log
PR-7754,trunk,13,1773253314,,fe9be985875aef57f7a09df3b68f89be1389fe35,cebdef64e39012ab4744934e333598ee2140b40f,build_log
PR-7754,trunk,14,1773328958,,be0bfed89140583d0e59cb77085cfcbfa5a3899a,cebdef64e39012ab4744934e333598ee2140b40f,build_log
PR-8341,trunk,1,1773336486,,5082f4f52599b0f038cab60eb6eb4d7d97bccba7,cebdef64e39012ab4744934e333598ee2140b40f,build_log
PR-8342,branch-3.5,1,1773369051,,bc5c7c4aeedcc593b95104b33802d491f289a023,90b34f0f4d17ba3b75540927181f540ab2893c25,build_log
PR-8306,trunk,5,1773387029,,a38db612cac8cd3f453e8af48bb7d7bfb251229b,cebdef64e39012ab4744934e333598ee2140b40f,build_log
PR-8177,trunk,5,1773422853,,7a80615cd744d73e8f0fe29fc50d872db7369803,a178eb780f5c983ab7e5c5a4add8a3027060c68d,build_log
PR-8177,trunk,6,1773422959,,acdd09ef03fef3ef0369c269a03727d087fcc2bf,a178eb780f5c983ab7e5c5a4add8a3027060c68d,build_log
PR-8306,trunk,6,1773482886,,9f2d9ddcaaec86183b988dc4f9b1a3d2d111a4aa,a178eb780f5c983ab7e5c5a4add8a3027060c68d,build_log
PR-8346,trunk,1,1773562932,,7b57c3e792d18576bbb4b686b82d4d8f89e5ba6d,a178eb780f5c983ab7e5c5a4add8a3027060c68d,build_log
PR-8346,trunk,2,1773578307,,ac77d350f9b9f655115801ce45f67149667f5221,a178eb780f5c983ab7e5c5a4add8a3027060c68d,build_log
PR-8347,trunk,1,1773647261,,afb04c0e6f1039f1491fadb3599ed8d64984dbdb,a178eb780f5c983ab7e5c5a4add8a3027060c68d,build_log
PR-8341,trunk,2,1773657286,,09fb74092bba3a53e02ac303a7f64730023d0895,a178eb780f5c983ab7e5c5a4add8a3027060c68d,build_log
PR-8346,trunk,3,1773675403,,8a477a0ca0babdd4f710c0a1e7c63680024b88c0,a178eb780f5c983ab7e5c5a4add8a3027060c68d,build_log
PR-8346,trunk,4,1773726638,,54e9dc4b42ae5f1eb1c0a16ae302f5970491f250,854d53ec1d6f87c41a04ecb604bbb852302b7301,build_log
PR-8308,trunk,3,1773769495,,17e8ebaccc47b4555a58d7535009cb1fec3cb89a,854d53ec1d6f87c41a04ecb604bbb852302b7301,build_log
PR-8350,trunk,2,1773820183,,bd401e3b2bfee24a2f68d8f34bb5553763998e9f,854d53ec1d6f87c41a04ecb604bbb852302b7301,build_log
PR-8350,trunk,3,1773822014,,1aae7523deac87734c051f29da8e0e25f070cb67,854d53ec1d6f87c41a04ecb604bbb852302b7301,build_log
PR-8351,trunk,1,1773829294,,fb707765d7414d040adb051f8c576a90da4cdfad,854d53ec1d6f87c41a04ecb604bbb852302b7301,build_log
PR-8351,trunk,2,1773833517,,828292ee46d5d455ab5c6214fd2ecacefc10389f,854d53ec1d6f87c41a04ecb604bbb852302b7301,build_log
PR-8310,trunk,5,1773852371,,412f3c500bb9afb4dc91a0a5234423c93151dd05,854d53ec1d6f87c41a04ecb604bbb852302b7301,build_log
PR-8350,trunk,4,1773898335,,c92c08f20e4009ca7fc74299fa26602f579cf299,854d53ec1d6f87c41a04ecb604bbb852302b7301,build_log
PR-8354,trunk,1,1773908128,,aaf505d125073ffa16296ad0064ecda4599462a5,854d53ec1d6f87c41a04ecb604bbb852302b7301,build_log
PR-8279,trunk,4,1773920115,,2805867e45d9d462e2eb8a513f69d99534d2673b,854d53ec1d6f87c41a04ecb604bbb852302b7301,build_log
PR-8291,trunk,7,1773920116,,edbb45e4bbeeed0e1f593da345c64ecbc718bb79,854d53ec1d6f87c41a04ecb604bbb852302b7301,build_log
PR-8295,trunk,3,1773920116,,6d15e6c5a7c152029fa1569f29a92c6b3b977fd8,854d53ec1d6f87c41a04ecb604bbb852302b7301,build_log
PR-8312,trunk,2,1773920118,,8de084e9cb883391a12d74f96ecc38617618be73,854d53ec1d6f87c41a04ecb604bbb852302b7301,build_log
PR-8313,trunk,2,1773920120,,466d774fd054285247073a89c11d33917cb17f80,854d53ec1d6f87c41a04ecb604bbb852302b7301,build_log
PR-8314,trunk,2,1773920122,,c962772a44a0ed28ea2bb7dab12225015787351e,854d53ec1d6f87c41a04ecb604bbb852302b7301,build_log
PR-8315,trunk,2,1773920123,,de57cea8f25f8628a9878ffb4f1e488754fcd647,854d53ec1d6f87c41a04ecb604bbb852302b7301,build_log
PR-8316,trunk,2,1773920125,,196643fee68decfb7c8f0cac20a98475ba40fa7e,854d53ec1d6f87c41a04ecb604bbb852302b7301,build_log
PR-8317,trunk,2,1773920127,,2ad12cfa11d1441ce3fc009fe21509f43c90f857,854d53ec1d6f87c41a04ecb604bbb852302b7301,build_log
PR-8321,trunk,2,1773920128,,3c97ce6d9de73a1a003a309e2e227129dddd20e1,854d53ec1d6f87c41a04ecb604bbb852302b7301,build_log
PR-8323,trunk,2,1773920128,,b9e718d768212447973cda65d54056fa22156129,854d53ec1d6f87c41a04ecb604bbb852302b7301,build_log
PR-8324,trunk,2,1773920130,,62d7e93fd4899e0bd381c904690f39a713099352,854d53ec1d6f87c41a04ecb604bbb852302b7301,build_log
PR-8326,trunk,2,1773920132,,2f56b9c1ed6136151b4d8d6c2b11c5c03f2baaab,854d53ec1d6f87c41a04ecb604bbb852302b7301,build_log
PR-8327,trunk,2,1773920134,,20dff9dc193b3a71b0b9e04ed0f461e478a35a61,854d53ec1d6f87c41a04ecb604bbb852302b7301,build_log
PR-8328,trunk,2,1773920136,,e3c72c1b8f0510009e4ec57b30de4898a8d0247b,854d53ec1d6f87c41a04ecb604bbb852302b7301,build_log
PR-8329,trunk,2,1773920138,,c58a2641fee53344c6217181af4d05c73c3c614b,854d53ec1d6f87c41a04ecb604bbb852302b7301,build_log
PR-8333,trunk,2,1773920140,,c17fdf8ab75fb5b3fa12c6f7fcecafb6632cbf51,854d53ec1d6f87c41a04ecb604bbb852302b7301,build_log
PR-8345,trunk,2,1773932478,,912178b7e372ff2726e5d30818f1d4f5ed83ec28,854d53ec1d6f87c41a04ecb604bbb852302b7301,build_log
PR-8357,trunk,1,1773938572,,c24125a6bbd6c086acad16163134e090aa376d28,854d53ec1d6f87c41a04ecb604bbb852302b7301,build_log
PR-8357,trunk,2,1773938712,,154de950710894f4c3cd186ba0a10b75f434550b,854d53ec1d6f87c41a04ecb604bbb852302b7301,build_log
PR-8347,trunk,2,1773974491,,62aad1a95541e5e16c402a7d9931452313b8918b,854d53ec1d6f87c41a04ecb604bbb852302b7301,build_log
PR-8359,trunk,1,1773975985,,a72517bacef6160a03f1f773ef9b79eb41509337,854d53ec1d6f87c41a04ecb604bbb852302b7301,build_log
PR-8354,trunk,2,1773977766,,5b954bfa5ca8780c38468c6acdb25bd62179abaf,854d53ec1d6f87c41a04ecb604bbb852302b7301,build_log
PR-8214,trunk,10,1773987225,,bf4311a653c1ae7f68306a9a1a558f185d76b6ae,854d53ec1d6f87c41a04ecb604bbb852302b7301,build_log
PR-8314,trunk,3,1774007042,,f36afed493247b0d1d08719e1e3b843bb487bc1e,854d53ec1d6f87c41a04ecb604bbb852302b7301,build_log
PR-8291,trunk,8,1774007042,,120c69632dd0d7a7aa89866058bcf4de96d3ac3f,854d53ec1d6f87c41a04ecb604bbb852302b7301,build_log
PR-8312,trunk,3,1774007042,,ee864213a73f16fa0b4f07410fe01352125ed52b,854d53ec1d6f87c41a04ecb604bbb852302b7301,build_log
PR-8326,trunk,3,1774007045,,e5f806db08071b384a2ccebb2808d049c23bcd56,854d53ec1d6f87c41a04ecb604bbb852302b7301,build_log
PR-8324,trunk,3,1774007045,,0e06726445e92b97b1fb6ed2f3cacaf72151e8c2,854d53ec1d6f87c41a04ecb604bbb852302b7301,build_log
PR-8333,trunk,3,1774007047,,859341b411e652eb60a0604946b3c96bfbeebed9,854d53ec1d6f87c41a04ecb604bbb852302b7301,build_log
PR-8350,trunk,5,1774007384,,ec71ea79be246fd6364a329ff93478d60c893c9d,854d53ec1d6f87c41a04ecb604bbb852302b7301,build_log
PR-8177,trunk,7,1774018120,,679c79f2502ca35a52f4c8c6ded9a7eb3716af76,854d53ec1d6f87c41a04ecb604bbb852302b7301,build_log
PR-8123,trunk,19,1774024905,,5168e01ecf3f9078395935131fe618b1c38fac83,854d53ec1d6f87c41a04ecb604bbb852302b7301,build_log
PR-8363,trunk,1,1774098470,,8b9e34c9fba71f93c6df10060a3840d0f5306478,33a5e7ab76c5e2d2ccc095d4e0a6e7efab4e57fb,build_log
PR-8364,trunk,1,1774145646,,75c940bed8c6dcef3550f9b1110b663e34facfe2,33a5e7ab76c5e2d2ccc095d4e0a6e7efab4e57fb,build_log
PR-8363,trunk,2,1774149803,,98061665c833183dc48ac57ad222340231a2a40e,33a5e7ab76c5e2d2ccc095d4e0a6e7efab4e57fb,build_log
PR-8363,trunk,3,1774181176,,38277d0ca289a49de23cc47a443be848ef379ebf,33a5e7ab76c5e2d2ccc095d4e0a6e7efab4e57fb,build_log
PR-8365,branch-3.4,1,1774181803,,fe6d3008a95a01f3ff1b3e0f0b2208fe0918251d,e8a4c36fc1eae5fe175040529e44898447770993,build_log
PR-8347,trunk,3,1774231634,,bbe2216af1fbb9f583c07585ee8a2b8288f9fab6,33a5e7ab76c5e2d2ccc095d4e0a6e7efab4e57fb,build_log
PR-8259,trunk,7,1774241944,,4ceccbce345643678089d11a80bea04fa1a57e9d,c7105018965f120eff70e0be209864c4f0e0add1,build_log
PR-8328,trunk,3,1774254092,,c53d2941f9c8e5db80128c54fb841a105fe23fc9,c7105018965f120eff70e0be209864c4f0e0add1,build_log
PR-8327,trunk,3,1774254095,,a45f571481f9420f3595bdef9644dc1ef4096f12,c7105018965f120eff70e0be209864c4f0e0add1,build_log
PR-8323,trunk,3,1774254097,,e1e2d053438b95f8a80978e1d86457e8d305662f,c7105018965f120eff70e0be209864c4f0e0add1,build_log
PR-8317,trunk,3,1774254098,,397a95279e223f05e53aa3e3bc29b9f19350cb42,c7105018965f120eff70e0be209864c4f0e0add1,build_log
PR-8321,trunk,3,1774254098,,0929c4bbc79942e15ae8c1881b95aebfaed9022c,c7105018965f120eff70e0be209864c4f0e0add1,build_log
PR-8316,trunk,3,1774254100,,1f1d2a43bacd7fada1b8a99152d3916427a8db12,c7105018965f120eff70e0be209864c4f0e0add1,build_log
PR-8315,trunk,3,1774254102,,2169d4e98380a57d5206b5cab6752f4321607052,c7105018965f120eff70e0be209864c4f0e0add1,build_log
PR-8313,trunk,3,1774254104,,d2c03dd83c1ce2b81fe9a097687dae4e88bad09b,c7105018965f120eff70e0be209864c4f0e0add1,build_log
PR-8314,trunk,4,1774254104,,fb335d8ac4713e4434e7e0cafbf12ac18b90643c,c7105018965f120eff70e0be209864c4f0e0add1,build_log
PR-8295,trunk,4,1774254110,,2432aa2e5d670ea1df86d05b4728da9081f6f737,c7105018965f120eff70e0be209864c4f0e0add1,build_log
PR-8279,trunk,5,1774254110,,77d18fb12cec43e8755b3ca5c01f72805a736333,c7105018965f120eff70e0be209864c4f0e0add1,build_log
PR-8324,trunk,4,1774254716,,4537597a9c133d2120ff7caacdba64ca7eaffb01,dfaf2e86d01702a714c518819d287a8469ff1681,build_log
PR-8333,trunk,4,1774254757,,d093a9e5b61d6f7307cbe30e7400da2fe8c3d02c,dfaf2e86d01702a714c518819d287a8469ff1681,build_log
PR-8100,trunk,1,1774264583,,b7172f1a78243b1ae28248dc03520108be4d08fa,afcf7f2c28a434c2d85385b66eafaab2529c138b,build_log
PR-8357,trunk,3,1774264999,,d0cdaaf3e0b2933247d1b8ce51e128e98cb408f7,afcf7f2c28a434c2d85385b66eafaab2529c138b,build_log
PR-8100,trunk,2,1774272187,,ee7a5db96b6661370ee0872aa46d0fab4ca16d65,901713d4d4b03887b27a7898c864c61101901366,build_log
PR-8366,trunk,1,1774272527,,cab3deba0d0ef931998b644c27229d7f8785da9f,901713d4d4b03887b27a7898c864c61101901366,build_log
PR-8357,trunk,4,1774273209,,a95cc00e88d22ec7dee517efc970cd703a81920a,901713d4d4b03887b27a7898c864c61101901366,build_log
PR-8100,trunk,3,1774274669,,e5c4a90c21ab97f1758a5342a3587bd68e51f19d,901713d4d4b03887b27a7898c864c61101901366,build_log
PR-8368,branch-3.5,1,1774276188,,9a0bc811014e6fc86d70da0763b3d31748e1954b,81b5e784205d1c7119979673d79731c2e1f07a04,build_log
PR-8371,trunk,1,1774281337,,8f20fcdca7b9b72a0d99ea14b9c685e912b2b64a,f0e467566e21be54d371224cf221ab6fefe9c6e6,build_log
PR-8123,trunk,20,1774287076,,cde856a45ead2415ce5f5616dc22bde4e72dac00,ef58c43bd8a950f659d894155d008b389baebdee,build_log
PR-8372,trunk,1,1774287778,,3bba1009268ad6113458470ca7136546d287b1c6,ef58c43bd8a950f659d894155d008b389baebdee,build_log
PR-8372,trunk,2,1774287959,,c39f74e9c00c903590dd05e73b4aa9208c6a767d,ef58c43bd8a950f659d894155d008b389baebdee,build_log
PR-8373,trunk,1,1774288742,,a5465c835dfc2a34c45f3a57c7b12f088bcd2d9e,ef58c43bd8a950f659d894155d008b389baebdee,build_log
PR-8350,trunk,6,1774320186,,0fe26b52e1e82a68a5a6e40835983249483b5f66,a1b48381ee9a02fd1b5d87f1bffcd7b2bf17fb35,build_log
PR-8360,trunk,6,1774337642,,636455e9a25c360bc881d9413c2cf25139e218dd,a1b48381ee9a02fd1b5d87f1bffcd7b2bf17fb35,build_log
PR-8351,trunk,3,1774353101,,f2fc9c39cf65b888107e1ad23b2f4c1e6ffb351f,a1b48381ee9a02fd1b5d87f1bffcd7b2bf17fb35,build_log
PR-8100,trunk,4,1774364227,,e5c4a90c21ab97f1758a5342a3587bd68e51f19d,a1b48381ee9a02fd1b5d87f1bffcd7b2bf17fb35,build_log
PR-8357,trunk,5,1774366749,,f9ed49d8acc787dd6617da06f54bd9c7d51ed2bc,41409c7ab6f9937cb366a58f9cd86116e64c670e,build_log
PR-8100,trunk,5,1774367928,,9acade01a6d48f5ee11df92a344b27fff18301eb,41409c7ab6f9937cb366a58f9cd86116e64c670e,build_log
PR-8364,trunk,2,1774390687,,d3e03c9430e527d8f20c2045d93193ecdf59ab3c,156dd3b276457e49736638f1b57b05d78b558a7e,build_log
PR-8377,trunk,1,1774406646,,c17d464370ebf2f0f27f35c7af49a413a9afc701,156dd3b276457e49736638f1b57b05d78b558a7e,build_log
PR-8212,trunk,2,1774411395,,b173e07589f49b3853e78120875e481dcfb81c0e,156dd3b276457e49736638f1b57b05d78b558a7e,build_log
PR-8338,trunk,10,1774427762,,2e03fa998e2d8cf585a9114f11bc557897c44126,e23df4c4b84fc4820d9593e2e0a205b5d7377261,build_log
PR-8338,trunk,11,1774428379,,378803016cd66f9a26035a346076b0ce2d02316e,e23df4c4b84fc4820d9593e2e0a205b5d7377261,build_log
PR-8338,trunk,13,1774429853,,97022cf0545154e8b478c0955eb3ef5235d4caba,e23df4c4b84fc4820d9593e2e0a205b5d7377261,build_log
PR-8376,branch-3.4,2,1774433911,,8995451ef4ba58c001604edb369d8ed7b8094b9a,04db6e6290e380ac2cdfad7d69cb5df29a26406f,build_log
PR-8379,branch-3.4,2,1774477321,,d46918d204a88779331be5bcd09ad0689f257f3b,04db6e6290e380ac2cdfad7d69cb5df29a26406f,build_log
PR-8360,trunk,7,1774487455,,7a9cb73cabb571b1c94ffb90990de1fa271bb443,ada2a40a5cb23db2e0e5c91f3c5048adf4414bd7,build_log
PR-8378,trunk,5,1774508851,,0fac1782cde2bdaabb764bba8554912650d8e6b5,ada2a40a5cb23db2e0e5c91f3c5048adf4414bd7,build_log
PR-8378,trunk,6,1774527961,,9d6663cf8e0067c0e7fa0c038366a7aca409d91e,ada2a40a5cb23db2e0e5c91f3c5048adf4414bd7,build_log
PR-8378,trunk,7,1774528132,,79584aeac0ea5608787954ad78fe604f504a6e51,ada2a40a5cb23db2e0e5c91f3c5048adf4414bd7,build_log
PR-8383,trunk,1,1774536019,,0fde26eb8503805d9cdbf2aa9e41f30d5f109f35,ada2a40a5cb23db2e0e5c91f3c5048adf4414bd7,build_log
PR-8386,trunk,1,1774580983,,93b48ec910563a22899423e497ba30f0b35e85d5,fe66cd28db3b1b8625158c0e1ff8117b62b16d56,build_log
PR-8307,trunk,4,1774588651,,04e6c167b2758004138901f79f434ae311c9a63f,fe66cd28db3b1b8625158c0e1ff8117b62b16d56,build_log
PR-8309,trunk,5,1774588882,,1de9f63f32fd5b19e65eafbff9559e96e186a736,fe66cd28db3b1b8625158c0e1ff8117b62b16d56,build_log
PR-8310,trunk,6,1774588912,,a6f635470c4cd1296871b7ccfb9f51a43ac0a5e6,fe66cd28db3b1b8625158c0e1ff8117b62b16d56,build_log
PR-8307,trunk,5,1774589508,,2beb43cb303c884d20105a050b5ada5389345be6,fe66cd28db3b1b8625158c0e1ff8117b62b16d56,build_log
PR-8310,trunk,7,1774589510,,ef0809aea6d5f713f742e5d2be7cdd6b33434f05,fe66cd28db3b1b8625158c0e1ff8117b62b16d56,build_log
PR-8309,trunk,6,1774589518,,686548d19b0cc2c68b4cb00d7aa82d4de5d53916,fe66cd28db3b1b8625158c0e1ff8117b62b16d56,build_log
PR-8335,trunk,2,1774590411,,82ac70a74599ed5d58b9d9b1cf5b0741b75a8f7b,fe66cd28db3b1b8625158c0e1ff8117b62b16d56,build_log
PR-8388,trunk,1,1774594337,,a8e254c2f9871a9a2c17dcc388d8c74994e6fbaf,fe66cd28db3b1b8625158c0e1ff8117b62b16d56,build_log
PR-8389,trunk,1,1774594352,,9e5b935a1301a2463ffa7d9ca9570ac2582bb370,fe66cd28db3b1b8625158c0e1ff8117b62b16d56,build_log
PR-8123,trunk,21,1774624286,,86abf94d3c3e1c157576e1542584144c30193efa,5d8719cc04fcd378e2644bd705af822a618da6b5,build_log
PR-8348,trunk,4,1774624792,,2419aa2e29778f4b3b1c2d0427d1c794b4aac14d,5d8719cc04fcd378e2644bd705af822a618da6b5,build_log
PR-8307,trunk,6,1774627396,,3d9e7dc59ee30a79182c53371f33a0fc4152c19c,5d8719cc04fcd378e2644bd705af822a618da6b5,build_log
PR-8309,trunk,8,1774721454,,4e6a6f20b2fb08fc96e29a2a06431a9d7ff5875b,5d8719cc04fcd378e2644bd705af822a618da6b5,build_log
PR-8123,trunk,22,1774797350,,48f5ad4a5547aa05b4dbb16ce2aed96e027fe72c,5d8719cc04fcd378e2644bd705af822a618da6b5,build_log
PR-8386,trunk,2,1774836564,,cd83dcf8ebd9f0e0afe5cdb12c3b8e29aa245fd6,985abac596b33169373812ccc1f83427f1124c46,build_log
PR-8360,trunk,8,1774836694,,60e1c6ccdf32116d67bbd4c6de985c44e7b7ad6b,985abac596b33169373812ccc1f83427f1124c46,build_log
PR-8347,trunk,4,1774855347,,1d4aa1f53c21439fee876c0a7073a1578f20ae55,985abac596b33169373812ccc1f83427f1124c46,build_log
PR-8360,trunk,9,1774859669,,0662161fe3d68a760cbe2d77486aeff974065d2b,985abac596b33169373812ccc1f83427f1124c46,build_log
PR-8360,trunk,10,1774859719,,ba6dbf992cbbd00dc0a305f4c29c1977e1e5295f,985abac596b33169373812ccc1f83427f1124c46,build_log
PR-8348,trunk,5,1774873139,,2ab91ac26288cfccffe542d2ad8f761fd40a35ce,7e3e30369671972367d3eaf39f6da30131c48e78,build_log
PR-8195,trunk,11,1774874416,,279e7f42f17521befec93f5471ff861acd8c439f,7e3e30369671972367d3eaf39f6da30131c48e78,build_log
PR-8348,trunk,6,1774896777,,90b3b6b07a6a84b4fbcfb1e3596a5217a9408c85,7e3e30369671972367d3eaf39f6da30131c48e78,build_log
PR-8395,trunk,1,1774899776,,c6cfbd4acfda30d50892781fb19818f4db7c4c7b,7e3e30369671972367d3eaf39f6da30131c48e78,build_log
PR-8393,trunk,4,1774923398,,34ae067208ba488ec6bc537ae3c0e68541baf490,7e3e30369671972367d3eaf39f6da30131c48e78,build_log
PR-8393,trunk,5,1774923483,,12b62c743837b23abc114e741150e830eb429bf8,7e3e30369671972367d3eaf39f6da30131c48e78,build_log
PR-8186,trunk,2,1774927655,,0170ea0ecd9d7c9e44d139b4ab31f5d8fe298a33,7e3e30369671972367d3eaf39f6da30131c48e78,build_log
PR-8397,trunk,1,1774928433,,595c8c037c1e675996e3a0386a03ee4e8011d5ec,7e3e30369671972367d3eaf39f6da30131c48e78,build_log
PR-8398,trunk,1,1774938808,,87ca6f38ede217e35a34596a9162db6a9c1b1100,7e3e30369671972367d3eaf39f6da30131c48e78,build_log
PR-8396,trunk,2,1774944258,,a919c89a19486b8665a129382b76caa0e7be3700,7e3e30369671972367d3eaf39f6da30131c48e78,build_log
PR-8396,trunk,3,1774944389,,7d83166131fce8ddad586bedc02eafc749aa58a8,7e3e30369671972367d3eaf39f6da30131c48e78,build_log
PR-8393,trunk,6,1774954795,,c977a5f5b73453348eabff5da89121125501d201,7e3e30369671972367d3eaf39f6da30131c48e78,build_log
PR-8378,trunk,8,1774964262,,ec2297c7fe6cccd4230f8248b314f0c870eda002,7e3e30369671972367d3eaf39f6da30131c48e78,build_log
PR-8348,trunk,7,1774979759,,7d2a019e6b8285b79c53a0acfdc8772fc1104f72,7e3e30369671972367d3eaf39f6da30131c48e78,build_log
PR-8212,trunk,3,1775021507,,4c184d8a4334654dd657fcd2b04232d99f45a929,7e3e30369671972367d3eaf39f6da30131c48e78,build_log
PR-8348,trunk,8,1775043672,,abac06130be580b4eed5366de13a79fd0db5647c,7f80f0733ea39b4c4c299acc96582fd4a9c785c3,build_log
