Base.run,shutdown
Base.tryLoadLibraryOS,println
Base.tryLoadLibraryOS,format
Base.tryLoadLibraryOS,loadLibrary
Base.tryLoadLibraryOS,getProperty
Base.tryLoadLibraryOS,startsWith
Base.tryLoadLibraryOS,tryLoadLibraryXPU
Base.tryLoadLibraryXPU,println
Base.tryLoadLibraryXPU,format
Base.tryLoadLibraryXPU,loadLibrary
Base.checkCall,tvmFFIGetLastError
Module.getApi,get
Module.getApi,getFunction
Module.getApi,put
Module.entryFunc,getFunction
Module.getFunction,getApi
Module.getFunction,pushArg
Module.getFunction,invoke
Module.getFunction,asFunction
Module.getFunction,getFunction
Module.importModule,getApi
Module.importModule,pushArg
Module.importModule,invoke
Module.typeKey,getApi
Module.typeKey,pushArg
Module.typeKey,invoke
Module.typeKey,asString
Module.load,getApi
Module.load,pushArg
Module.load,invoke
Module.load,asModule
Module.load,load
Module.enabled,getApi
Module.enabled,pushArg
Module.enabled,invoke
Module.enabled,asLong
APIInternal.get,get
TensorBase.release,checkCall
TensorBase.release,tvmFFIObjectFree
TensorBase.finalize,release
TensorBase.copyTo,checkCall
TensorBase.copyTo,tvmFFIDLTensorCopyFromTo
Tensor.copyFrom,checkCopySize
Tensor.copyFrom,toString
Tensor.copyFrom,wrapBytes
Tensor.copyFrom,putDouble
Tensor.copyFrom,checkCall
Tensor.copyFrom,tvmFFIDLTensorCopyFromJArray
Tensor.copyFrom,putFloat
Tensor.copyFrom,putLong
Tensor.copyFrom,putInt
Tensor.copyFrom,putShort
Tensor.copyFrom,copyFromRaw
Tensor.copyFrom,putChar
Tensor.checkCopySize,size
Tensor.checkCopySize,format
Tensor.copyFromRaw,checkCall
Tensor.copyFromRaw,tvmFFIDLTensorCopyFromJArray
Tensor.shape,checkCall
Tensor.shape,tvmFFIDLTensorGetShape
Tensor.shape,size
Tensor.shape,get
Tensor.size,shape
Tensor.asDoubleArray,toString
Tensor.asDoubleArray,groupInternalBytes
Tensor.asDoubleArray,wrapBytes
Tensor.asDoubleArray,getDouble
Tensor.asFloatArray,toString
Tensor.asFloatArray,groupInternalBytes
Tensor.asFloatArray,wrapBytes
Tensor.asFloatArray,getFloat
Tensor.asLongArray,toString
Tensor.asLongArray,groupInternalBytes
Tensor.asLongArray,wrapBytes
Tensor.asLongArray,getLong
Tensor.asIntArray,toString
Tensor.asIntArray,groupInternalBytes
Tensor.asIntArray,wrapBytes
Tensor.asIntArray,getInt
Tensor.asShortArray,toString
Tensor.asShortArray,groupInternalBytes
Tensor.asShortArray,wrapBytes
Tensor.asShortArray,getShort
Tensor.asCharArray,toString
Tensor.asCharArray,groupInternalBytes
Tensor.asCharArray,wrapBytes
Tensor.asCharArray,getChar
Tensor.asByteArray,toString
Tensor.asByteArray,internal
Tensor.internal,empty
Tensor.internal,shape
Tensor.internal,copyTo
Tensor.internal,size
Tensor.internal,checkCall
Tensor.internal,tvmFFIDLTensorCopyToJArray
Tensor.groupInternalBytes,internal
Tensor.groupInternalBytes,format
Tensor.groupInternalBytes,toString
Tensor.groupInternalBytes,arraycopy
Tensor.empty,checkCall
Tensor.empty,tvmTensorEmpty
Tensor.empty,empty
Tensor.empty,cpu
Tensor.wrapBytes,wrap
Tensor.wrapBytes,order
Device.cpu,cpu
Device.cuda,cuda
Device.opencl,opencl
Device.vulkan,vulkan
Device.metal,metal
Device.vpi,vpi
Device.hexagon,hexagon
Device.exist,get
Device.exist,pushArg
Device.exist,invoke
Device.maxThreadsPerBlock,get
Device.maxThreadsPerBlock,pushArg
Device.maxThreadsPerBlock,invoke
Device.warpSize,get
Device.warpSize,pushArg
Device.warpSize,invoke
Device.warpSize,asLong
Device.sync,checkCall
Device.sync,tvmSynchronize
Device.toString,format
Device.toString,get
API.get,get
API.get,getFunction
API.get,put
TVMObject.release,checkCall
TVMObject.release,tvmFFIObjectFree
TVMObject.finalize,release
Function.getFunction,getGlobalFunc
Function.listGlobalFuncNames,checkCall
Function.listGlobalFuncNames,tvmFFIFunctionListGlobalNames
Function.listGlobalFuncNames,unmodifiableList
Function.getGlobalFunc,checkCall
Function.getGlobalFunc,tvmFFIFunctionGetGlobal
Function.invoke,checkCall
Function.invoke,tvmFFIFunctionCall
Function.pushArg,tvmFFIFunctionPushArgLong
Function.pushArg,tvmFFIFunctionPushArgDouble
Function.pushArg,tvmFFIFunctionPushArgString
Function.pushArg,tvmFFIFunctionPushArgHandle
Function.pushArg,tvmFFIFunctionPushArgBytes
Function.pushArg,tvmFFIFunctionPushArgDevice
Function.call,pushArgToStack
Function.call,invoke
Function.pushArgToStack,tvmFFIFunctionPushArgHandle
Function.pushArgToStack,tvmFFIFunctionPushArgLong
Function.pushArgToStack,tvmFFIFunctionPushArgDouble
Function.pushArgToStack,tvmFFIFunctionPushArgString
Function.pushArgToStack,tvmFFIFunctionPushArgBytes
Function.pushArgToStack,tvmFFIFunctionPushArgDevice
Function.register,checkCall
Function.register,tvmFFIFunctionCreateFromCallback
Function.register,tvmFFIFunctionSetGlobal
Function.register,register
Function.convertFunc,checkCall
Function.convertFunc,tvmFFIFunctionCreateFromCallback
Function.invokeRegisteredCbFunc,println
Function.invokeRegisteredCbFunc,invoke
NativeLibraryLoader.run,listFiles
NativeLibraryLoader.run,println
NativeLibraryLoader.run,getAbsolutePath
NativeLibraryLoader.run,delete
NativeLibraryLoader.loadLibrary,mapLibraryName
NativeLibraryLoader.loadLibrary,endsWith
NativeLibraryLoader.loadLibrary,println
NativeLibraryLoader.loadLibrary,replace
NativeLibraryLoader.loadLibrary,extractResourceFileToTempDir
NativeLibraryLoader.loadLibrary,getPath
NativeLibraryLoader.loadLibrary,load
NativeLibraryLoader.invoke,println
NativeLibraryLoader.invoke,getPath
NativeLibraryLoader.invoke,load
NativeLibraryLoader.unifyOSName,startsWith
NativeLibraryLoader.getUnifiedOSName,unifyOSName
NativeLibraryLoader.getUnifiedOSName,getProperty
NativeLibraryLoader.extractResourceFileToTempDir,getResourceAsStream
NativeLibraryLoader.extractResourceFileToTempDir,println
NativeLibraryLoader.extractResourceFileToTempDir,format
NativeLibraryLoader.extractResourceFileToTempDir,createTempFile
NativeLibraryLoader.extractResourceFileToTempDir,currentTimeMillis
NativeLibraryLoader.extractResourceFileToTempDir,read
NativeLibraryLoader.extractResourceFileToTempDir,write
NativeLibraryLoader.extractResourceFileToTempDir,flush
NativeLibraryLoader.extractResourceFileToTempDir,close
NativeLibraryLoader.extractResourceFileToTempDir,invoke
NativeLibraryLoader.extractResourceFileToTempDir,toString
Client.connect,getApi
Client.connect,pushArg
Client.connect,invoke
Client.connect,asModule
Client.connect,connect
RPCWatchdog.startTimeout,notify
RPCWatchdog.finishTimeout,notify
RPCWatchdog.run,wait
RPCWatchdog.run,println
RPCWatchdog.run,terminate
RPCWatchdog.terminate,exit
ConnectTrackerServerProcessor.terminate,close
ConnectTrackerServerProcessor.terminate,printStackTrace
ConnectTrackerServerProcessor.run,connectToTracker
ConnectTrackerServerProcessor.run,register
ConnectTrackerServerProcessor.run,println
ConnectTrackerServerProcessor.run,accept
ConnectTrackerServerProcessor.run,getInputStream
ConnectTrackerServerProcessor.run,getOutputStream
ConnectTrackerServerProcessor.run,wrapBytes
ConnectTrackerServerProcessor.run,getInt
ConnectTrackerServerProcessor.run,recvAll
ConnectTrackerServerProcessor.run,write
ConnectTrackerServerProcessor.run,toBytes
ConnectTrackerServerProcessor.run,closeQuietly
ConnectTrackerServerProcessor.run,recvString
ConnectTrackerServerProcessor.run,indexOf
ConnectTrackerServerProcessor.run,needRefreshKey
ConnectTrackerServerProcessor.run,parseInt
ConnectTrackerServerProcessor.run,substring
ConnectTrackerServerProcessor.run,length
ConnectTrackerServerProcessor.run,startsWith
ConnectTrackerServerProcessor.run,sendString
ConnectTrackerServerProcessor.run,getRemoteSocketAddress
ConnectTrackerServerProcessor.run,toString
ConnectTrackerServerProcessor.run,startTimeout
ConnectTrackerServerProcessor.run,run
ConnectTrackerServerProcessor.run,getFsend
ConnectTrackerServerProcessor.run,getFrecv
ConnectTrackerServerProcessor.run,sleep
ConnectTrackerServerProcessor.run,printStackTrace
ConnectTrackerServerProcessor.run,close
ConnectTrackerServerProcessor.connectToTracker,connect
ConnectTrackerServerProcessor.connectToTracker,getInputStream
ConnectTrackerServerProcessor.connectToTracker,getOutputStream
ConnectTrackerServerProcessor.connectToTracker,write
ConnectTrackerServerProcessor.connectToTracker,toBytes
ConnectTrackerServerProcessor.connectToTracker,wrapBytes
ConnectTrackerServerProcessor.connectToTracker,getInt
ConnectTrackerServerProcessor.connectToTracker,recvAll
ConnectTrackerServerProcessor.connectToTracker,generateCinfo
ConnectTrackerServerProcessor.connectToTracker,sendString
ConnectTrackerServerProcessor.connectToTracker,parseInt
ConnectTrackerServerProcessor.connectToTracker,recvString
ConnectTrackerServerProcessor.register,getInputStream
ConnectTrackerServerProcessor.register,getOutputStream
ConnectTrackerServerProcessor.register,generatePut
ConnectTrackerServerProcessor.register,sendString
ConnectTrackerServerProcessor.register,parseInt
ConnectTrackerServerProcessor.register,recvString
ConnectTrackerServerProcessor.register,println
ConnectTrackerServerProcessor.needRefreshKey,getInputStream
ConnectTrackerServerProcessor.needRefreshKey,getOutputStream
ConnectTrackerServerProcessor.needRefreshKey,generateGetPendingMatchKeys
ConnectTrackerServerProcessor.needRefreshKey,sendString
ConnectTrackerServerProcessor.needRefreshKey,recvString
ConnectTrackerServerProcessor.needRefreshKey,println
ConnectTrackerServerProcessor.needRefreshKey,indexOf
RPC.getApi,get
RPC.getApi,getFunction
RPC.getApi,put
Utils.recvAll,read
Utils.recvAll,min
Utils.closeQuietly,shutdownInput
Utils.closeQuietly,shutdownOutput
Utils.closeQuietly,close
Utils.wrapBytes,wrap
Utils.wrapBytes,order
Utils.toBytes,allocate
Utils.toBytes,order
Utils.toBytes,putInt
Utils.toBytes,array
Utils.toBytes,length
Utils.toBytes,charAt
Utils.decodeToStr,append
Utils.decodeToStr,toString
Utils.recvString,wrapBytes
Utils.recvString,getInt
Utils.recvString,recvAll
Utils.recvString,decodeToStr
Utils.sendString,write
Utils.sendString,toBytes
Utils.sendString,length
ConnectProxyServerProcessor.terminate,closeQuietly
ConnectProxyServerProcessor.run,connect
ConnectProxyServerProcessor.run,getInputStream
ConnectProxyServerProcessor.run,getOutputStream
ConnectProxyServerProcessor.run,write
ConnectProxyServerProcessor.run,toBytes
ConnectProxyServerProcessor.run,length
ConnectProxyServerProcessor.run,wrapBytes
ConnectProxyServerProcessor.run,getInt
ConnectProxyServerProcessor.run,recvAll
ConnectProxyServerProcessor.run,format
ConnectProxyServerProcessor.run,println
ConnectProxyServerProcessor.run,decodeToStr
ConnectProxyServerProcessor.run,run
ConnectProxyServerProcessor.run,getFsend
ConnectProxyServerProcessor.run,getFrecv
ConnectProxyServerProcessor.run,printStackTrace
ConnectProxyServerProcessor.run,terminate
NativeServerLoop.run,serverEnv
NativeServerLoop.run,println
NativeServerLoop.run,getApi
NativeServerLoop.run,pushArg
NativeServerLoop.run,invoke
NativeServerLoop.run,printStackTrace
NativeServerLoop.run,list
NativeServerLoop.run,getPath
NativeServerLoop.run,delete
NativeServerLoop.run,getAbsolutePath
NativeServerLoop.serverEnv,createTempFile
NativeServerLoop.serverEnv,delete
NativeServerLoop.serverEnv,mkdir
NativeServerLoop.serverEnv,getAbsolutePath
NativeServerLoop.serverEnv,register
NativeServerLoop.serverEnv,asString
NativeServerLoop.serverEnv,println
NativeServerLoop.serverEnv,load
NativeServerLoop.invoke,asString
NativeServerLoop.invoke,println
NativeServerLoop.invoke,load
RPCSession.getFunction,getFunction
RPCSession.device,device
RPCSession.cpu,cpu
RPCSession.cuda,cuda
RPCSession.cl,opencl
RPCSession.cl,cl
RPCSession.vulkan,vulkan
RPCSession.metal,metal
RPCSession.upload,get
RPCSession.upload,getFunction
RPCSession.upload,put
RPCSession.upload,pushArg
RPCSession.upload,invoke
RPCSession.upload,getBytesFromFile
RPCSession.upload,upload
RPCSession.upload,getName
RPCSession.download,get
RPCSession.download,getFunction
RPCSession.download,put
RPCSession.download,pushArg
RPCSession.download,invoke
RPCSession.download,asBytes
RPCSession.loadModule,getApi
RPCSession.loadModule,pushArg
RPCSession.loadModule,invoke
RPCSession.loadModule,asModule
RPCSession.getBytesFromFile,length
RPCSession.getBytesFromFile,getName
RPCSession.getBytesFromFile,read
RPCSession.getBytesFromFile,close
StandaloneServerProcessor.terminate,close
StandaloneServerProcessor.terminate,printStackTrace
StandaloneServerProcessor.run,accept
StandaloneServerProcessor.run,getInputStream
StandaloneServerProcessor.run,getOutputStream
StandaloneServerProcessor.run,wrapBytes
StandaloneServerProcessor.run,getInt
StandaloneServerProcessor.run,recvAll
StandaloneServerProcessor.run,closeQuietly
StandaloneServerProcessor.run,decodeToStr
StandaloneServerProcessor.run,startsWith
StandaloneServerProcessor.run,write
StandaloneServerProcessor.run,toBytes
StandaloneServerProcessor.run,length
StandaloneServerProcessor.run,println
StandaloneServerProcessor.run,getRemoteSocketAddress
StandaloneServerProcessor.run,toString
StandaloneServerProcessor.run,run
StandaloneServerProcessor.run,getFsend
StandaloneServerProcessor.run,getFrecv
StandaloneServerProcessor.run,printStackTrace
Server.run,run
Server.run,sleep
Server.run,printStackTrace
Server.terminate,terminate
Server.start,start
WorkerThread.run,run
WorkerThread.run,sleep
WorkerThread.run,printStackTrace
WorkerThread.terminate,terminate
SocketChannel.invoke,asBytes
SocketChannel.invoke,getOutputStream
SocketChannel.invoke,write
SocketChannel.invoke,printStackTrace
SocketChannel.invoke,asLong
SocketChannel.invoke,recvAll
SocketChannel.invoke,getInputStream
MainActivity.showDialog,setTitle
MainActivity.showDialog,setMessage
MainActivity.showDialog,setCancelable
MainActivity.showDialog,setNeutralButton
MainActivity.showDialog,cancel
MainActivity.showDialog,create
MainActivity.showDialog,show
MainActivity.onClick,cancel
MainActivity.updateRPCPrefs,println
MainActivity.updateRPCPrefs,findViewById
MainActivity.updateRPCPrefs,getText
MainActivity.updateRPCPrefs,toString
MainActivity.updateRPCPrefs,parseInt
MainActivity.updateRPCPrefs,isChecked
MainActivity.updateRPCPrefs,getApplicationContext
MainActivity.updateRPCPrefs,getSharedPreferences
MainActivity.updateRPCPrefs,edit
MainActivity.updateRPCPrefs,putString
MainActivity.updateRPCPrefs,putBoolean
MainActivity.updateRPCPrefs,commit
MainActivity.updateRPCPrefs,putExtra
MainActivity.setupRelaunch,findViewById
MainActivity.setupRelaunch,isChecked
MainActivity.setupRelaunch,println
MainActivity.setupRelaunch,startActivity
MainActivity.setupRelaunch,getMainLooper
MainActivity.setupRelaunch,postDelayed
MainActivity.run,isChecked
MainActivity.run,println
MainActivity.run,startActivity
MainActivity.onCreate,setContentView
MainActivity.onCreate,findViewById
MainActivity.onCreate,setSupportActionBar
MainActivity.onCreate,setOnCheckedChangeListener
MainActivity.onCreate,println
MainActivity.onCreate,updateRPCPrefs
MainActivity.onCreate,setupRelaunch
MainActivity.onCreate,enableInputView
MainActivity.onCheckedChanged,println
MainActivity.onCheckedChanged,updateRPCPrefs
MainActivity.onCheckedChanged,setupRelaunch
MainActivity.onResume,println
MainActivity.onResume,enableInputView
MainActivity.onResume,setupRelaunch
MainActivity.enableInputView,findViewById
MainActivity.enableInputView,setEnabled
MainActivity.enableInputView,getApplicationContext
MainActivity.enableInputView,getSharedPreferences
MainActivity.enableInputView,getString
MainActivity.enableInputView,setText
MainActivity.enableInputView,getBoolean
MainActivity.enableInputView,setChecked
RPCProcessor.run,start
RPCProcessor.run,wait
RPCProcessor.run,printStackTrace
RPCProcessor.run,exit
RPCProcessor.run,run
RPCProcessor.run,finishTimeout
RPCProcessor.disconnect,terminate
RPCProcessor.connect,notify
RPCAndroidWatchdog.terminate,finish
RPCActivity.onCreate,setContentView
RPCActivity.onCreate,findViewById
RPCActivity.onCreate,setOnClickListener
RPCActivity.onCreate,println
RPCActivity.onCreate,disconnect
RPCActivity.onCreate,finish
RPCActivity.onCreate,exit
RPCActivity.onCreate,getIntent
RPCActivity.onCreate,getStringExtra
RPCActivity.onCreate,getIntExtra
RPCActivity.onCreate,setDaemon
RPCActivity.onCreate,start
RPCActivity.onCreate,connect
RPCActivity.onClick,println
RPCActivity.onClick,disconnect
RPCActivity.onClick,finish
RPCActivity.onClick,exit
RPCActivity.onDestroy,println
RPCActivity.onDestroy,disconnect
RPCActivity.onDestroy,killProcess
RPCActivity.onDestroy,myPid
